[
    {
        "answer": "Sido",
        "question": "Von welchem ehemaligen Energy Air Act ist der Song «Bilder im Kopf»?"
    },
    {
        "answer": "Pharrell Williams",
        "question": "Welcher Act stand NOCH NIE auf der Energy Air Bühne?"
    },
    {
        "answer": "105m x 68m",
        "question": "Wie gross ist die Spielfläche des Stade de Suisse?"
    },
    {
        "answer": "2016",
        "question": "In welchem Jahr stand OneRepublic auf der Bühne des Energy Air?"
    },
    {
        "answer": "Energy Star Night, Energy Fashion Night",
        "question": "Wie heissen zwei andere grosse Events von Energy?"
    },
    {
        "answer": "1 Mal",
        "question": "Wie viele Male standen Dabu Fantastic bereits auf der Energy Air Bühne?"
    },
    {
        "answer": "Helene Fischer",
        "question": "Welcher dieser Acts Stand schon auf der Stade de Suisse Bühne?"
    },
    {
        "answer": "40'000 Tickets",
        "question": "Wie viele Tickets werden für das Energy Air verlost?"
    },
    {
        "answer": "Seven",
        "question": "Welcher Energy Air Act aus den letzten Jahren stand nur mit seinem Gitarristen auf der Bühne?"
    },
    {
        "answer": "Von Energy",
        "question": "Von wem wird das Energy Air durchgeführt?"
    },
    {
        "answer": "Es gibt keine",
        "question": "Was ist die obere Altersbeschränkung des Energy Air?"
    },
    {
        "answer": "Sie ist gratis",
        "question": "Wie viel kostet die Energy Air App?"
    },
    {
        "answer": "XTRA Circle-Tickets, Steh- und Sitzplätze",
        "question": "Welche Plätze gibt es am Energy Air?"
    },
    {
        "answer": "Leona Lewis",
        "question": "Welcher Künstler stand NOCH NIE auf der Energy Air Bühne?"
    },
    {
        "answer": "BSC Young Boys",
        "question": "Welcher Fussballverein ist im Stade de Suisse Zuhause?"
    },
    {
        "answer": "3. September 2016",
        "question": "Wann fand das Energy Air letztes Jahr statt?"
    },
    {
        "answer": "Dodo",
        "question": "Welcher Act performte in einem Karton-Hippie-Bus?"
    },
    {
        "answer": "St. Jakob Park in Basel",
        "question": "Welches Stadion ist das grösste der Schweiz?"
    },
    {
        "answer": "1 Mal",
        "question": "Wie oft pro Jahr findet das Energy Air statt?"
    },
    {
        "answer": "Blau",
        "question": "Welche Farben dominieren das Energy Air Logo?"
    },
    {
        "answer": "Stade de Suisse (Bern)",
        "question": "Wo findet das Energy Air statt?"
    },
    {
        "answer": "Felix Jaehn",
        "question": "Welcher DJ stand noch nie auf der Energy Air Bühne?"
    },
    {
        "answer": "Das Sommerfinale",
        "question": "Das Energy Air ist ...?"
    },
    {
        "answer": "Air",
        "question": "Wie hiess der Energy Air Song im Jahr 2014?"
    },
    {
        "answer": "Die Tickets sind gratis",
        "question": "Wie viel kostet ein Energy Air Ticket?"
    },
    {
        "answer": "September",
        "question": "In welchem Monat findet das Energy Air jeweils statt?"
    },
    {
        "answer": "Zum 4. Mal",
        "question": "Zum wievielten Mal findet das Energy Air statt?"
    },
    {
        "answer": "Together We Are One (Bring Back The Energy)",
        "question": "Wie hiess die Energy Air Hymne 2015?"
    },
    {
        "answer": "Ab 14 Jahren",
        "question": "Ab wann darf man, ohne eine erwachsene Begleitperson, am Energy Air teilnehmen?"
    },
    {
        "answer": "40'000",
        "question": "Wie viele Zuschauer passen ins Stade de Suisse?"
    },
    {
        "answer": "Justin Bieber",
        "question": "Welcher Pop-Sänger stand in diesem Jahr schon auf der Bühne des Stade de Suisse?"
    },
    {
        "answer": "31'120",
        "question": "Wie viele Sitzplätze hat das Stade de Suisse bei Sportveranstaltungen?"
    },
    {
        "answer": "Dabu Fantastic",
        "question": "Von welchem vergangenen Energy Air Act ist der Song «Angelina»?"
    },
    {
        "answer": "Kungs",
        "question": "Wer hatte den letzten Auftritt am Energy Air 2016?"
    },
    {
        "answer": "2005",
        "question": "Wann wurde das Stade de Suisse offiziell fertig gestellt?"
    },
    {
        "answer": "St. Gallen",
        "question": "In welcher Schweizer Stadt hat Energy KEIN Radiostudio?"
    },
    {
        "answer": "RedOne",
        "question": "Mit welchem Künstler stand Schlangenfrau Nina Burri auf der Bühne?"
    },
    {
        "answer": "Tickets können nur bei Energy und den Partner gewonnen werden",
        "question": "Wo kann man Energy Air Tickets kaufen?"
    },
    {
        "answer": "Sonntag, 7. September 2014",
        "question": "Wann fand das erste Energy Air statt?"
    },
    {
        "answer": "1",
        "question": "Wie viele Tage dauert das Energy Air?"
    },
    {
        "answer": "14:30 Uhr",
        "question": "Wann ist die offizielle Türöffnung beim Energy Air?"
    },
    {
        "answer": "Wankdorf",
        "question": "Wie hiess das Stade de Suisse früher?"
    },
    {
        "answer": "#eair17",
        "question": "Wie lautet der offizielle Energy Air Hashtag?"
    },
    {
        "answer": "2. September 2017",
        "question": "Wann findet das diesjährige Energy Air statt?"
    },
    {
        "answer": "Luft",
        "question": "Was bedeutet Air auf Deutsch?"
    },
    {
        "answer": "Ein Open Air",
        "question": "Was ist das Energy Air als einziger Energy Event?"
    },
    {
        "answer": "Nena",
        "question": "Welche deutsche Sängerin stand letztes Jahr auf der Energy Air Bühne?"
    },
    {
        "answer": "Knackeboul",
        "question": "Welcher Act stand schon einmal auf der Energy Air Bühne?"
    },
	{
		"answer": "Bastian Baker",
		"question": "Wer stand am letzten Energy Air als Überraschungsgast auf der Bühne?"
	},
	{
		"answer": "Luna Wedler",
		"question": "Welcher Schweizer Shootingstar spielt in DAS SCHÖNSTE MÄDCHEN DER WELT die Hauptrolle?"
	},
	{
		"answer": "Seine grosse Nase",
		"question": "Was ist Cyrils (Aaron Hilmer) Markenzeichen im Film?"
	},
	{
		"answer": "8. September 2018",
		"question": "Wann findet das Energy Air 2018 statt?"
	},
	{
		"answer": "im Radio, auf der Website und über Social Media",
		"question": "Wo erfährst du immer die neusten Infos rund um Energy Air?"
	},
	{
		"answer": "de Suisse",
		"question": "Wo findet das Energy Air statt?"
	},
	{
		"answer": "6. September 2018",
		"question": "Wann ist der offizielle Filmstart von DAS SCHÖNSTE MÄDCHEN DER WELT in den Schweizer Kinos?"
	},
	{
		"answer": "Aloe Blacc",
		"question": "Welcher dieser Acts hatte einen Auftritt am Energy Air 2017?"
	},
	{
		"answer": "15",
		"question": "Wie viele Acts waren beim letzten Energy Air dabei?"
	},
	{
		"answer": "60 Tonnen",
		"question": "Wie schwer ist die Energy Air Bühne?"
	},
	{
		"answer": "Shootingstar Berlinale 2018",
		"question": "Mit welchem Preis wurde der Nachwuchsstar Luna Wedler dieses Jahr ausgezeichnet?"
	},
	{
		"answer": "2014",
		"question": "Wann fand Energy Air zum ersten Mal statt?"
	},
	{
		"answer": "40’000",
		"question": "Wie viele Energy Air Tickets werden verlost?"
	},
	{
		"answer": "BSC Young Boys",
		"question": "Welche Fussballmannschaft ist im Stade de Suisse zuhause?"
	},
	{
		"answer": "XTRA-Circle",
		"question": "Mit welchem dieser Tickets geniesst du die beste Sicht zur Energy Air Bühne?"
	},
	{
		"answer": "Texte schreiben und rappen",
		"question": "Was ist Cyrils besondere Begabung?"
	},
	{
		"answer": "8. September 2018",
		"question": "Wann findet das Energy Air 2018 statt?"
	},
	{
	    "answer": "gewinnen",
		"question": "Energy Air Tickets kann man…"
	},
	{
	    "answer": "Wincent Weiss",
		"question": "Wer war der letzte Act beim Energy Air 2017?"
	},
	{
	    "answer": "Tuk Tuk",
		"question": "Das NRJ-Gefährt ist ein…"
	},
	{
	    "answer": "Bastian Baker",
		"question": "Wer eröffnete das erste Energy Air?"
	},
	{
	    "answer": "Die fünfte",
		"question": "Die wievielte Energy Air Ausgabe findet dieses Jahr statt?"
	},
	{
	    "answer": "Cyril",
		"question": "Welcher Schauspieler/Rapper trägt im Film eine goldene Maske?"
	},
	{
	    "answer": "Anke Engelke",
		"question": "Wer spielt die Mutter von Cyril?"
	},
	{
	    "answer": "Alan Walker",
		"question": "Welcher berühmte DJ-Act stand 2017 auf der Bühne des Energy Air?"
	},
	{
	    "answer": "Privat",
		"question": "Wie reiste Kygo im Jahr 2015 ans Energy Air?",
	},
	{
	    "answer": "Twitter",
		"question": "Auf welcher Social-Media-Plattform kann man keine Energy Air Tickets gewinnen?"
	},
	{
	    "answer": "Pink",
		"question": "Welche Farbe haben die Haare des Social Media Stars Julia Beautx im Film?"
	},
	{
	    "answer": "Berlin",
		"question": "Wohin führt die Klassenfahrt?"
	},
	{
	    "answer": "Michael Patrick Kelly",
		"question": "Welcher Act stand beim ersten Energy Air 2014 und auch im letzten Jahr auf der Bühne?"
	},
	{
	    "answer": "Energy Air findet trotzdem statt",
		"question": "Was passiert, wenn es am Eventtag regnet?"
	},
	{
	    "answer": "Pegasus",
		"question": "Welcher Act interviewte vor dem letzten Energy Air das Publikum?"
	},
	{
	    "answer": "250",
		"question": "Wie viele Spotlights gibt es am Energy Air?"
	},
	{
	    "answer": "One Republic",
		"question": "Welche amerikanische Band trat am Energy Air 2016 auf?"
	},
	{
	    "answer": "Deutschland",
		"question": "Woher kommt Energy Air Act Max Giesinger?"
	},
	{
	    "answer": "70 Meter",
		"question": "Wie breit ist die Energy Air Bühne?"
	},
	{
	    "answer": "Um 17 Uhr",
		"question": "Wann beginnt das Energy Air 2018?"
	},
	{
	    "answer": "La Cintura",
		"question": "Wie heisst der aktuelle Sommerhit von Energy Air Act Alvaro Soler?"
	},
	{
	    "answer": "40",
		"question": "Wie viele Konfetti-Kanonen gibt es am Energy Air?"
	},
	{
	    "answer": "…für den man Tickets nur gewinnen kann.",
		"question": "Energy Air ist der einzige Energy Event, …"
	},
	{
	    "answer": "E-Mail",
		"question": "Auf welchem Weg kann man KEINE Energy Air Tickets gewinnen?"
	},
	{
	    "answer": "Sein Mami",
		"question": "Wen nahm Knackeboul am Energy Air 2014 mit backstage?"
	},
	{
	    "answer": "Eine komplett weisse Garderobe",
		"question": "Was verlangte Nena am Energy Air 2016?"
	},
	{
	    "answer": "Jung verdammt",
		"question": "Welchen Song performte Dodo am Energy Air mit den Überraschungsgästen Lo & Leduc?"
	},
	{
	    "answer": "1600",
		"question": "Wie viele Mitarbeiter sind am Energy Air im Einsatz?"
	}
	
	
]